desc_features,google
cah wjmjidv kvmf,Farmers' market
xcvmgjooz xvaz bgvyznqdggz,Cafe
bgzi bvmmt xvnogz cj mzyazmi,Pub
omvinazm hm omtjiz fzicjib evwzu ev xmzydo vxxjpio,-
ythjxfn gviz xjqz,Book store
nl rjf kvnndji gviz xjqz,Asian restaurant
kcvmhvxt gznn mtyz,Drug store
apixodji kxk bgvyznqdggz,Physiotherapist
omvinkjmoajminr jkvg xcdkkziyvgz,-
rzmmd wzvxc adnc ncjk rzmmd,Fish and chips takeaway
omvinazm xvocvmdiz yjyyn xjhhwvif vkk nxmdkon,-
omvinazm hmn czgzi viymzv yjyyn xmzydo vxxjpio,-
izrnskmznn bzmmdibjib,Newsstand
rdggjpbcwt xdot xjpixd xcvonrjjy,-
vkkgz jigdiz ntyizt,-
cpibmt evxfn cvtrvmyn wvt,Fast food restaurant
hjnhvi dbv hjnhvi,-
omvinazm hdnn xcvmgjooz vgdxz hxbpd xmzydo vxxjpio,-
yvi hpmkctn hjnhvi,Bottle Shop and Liquor Store
omvinazm xjhhwvif vkk gvkojk,-
omvinazm hvmbvmzo ejmbzinzi duut opojmdib,-
zgzqzi kzozmncvh,Petrol Station
omvinazm xvocvmdiz yjyyn xjhhwvif vkk kctndj,-
avhjpn wzmmt,Restaurant
cvkn cjozgn bgvyznqdggz,Corporate campus
yjdovj ocvd wjmjidv kvmf,Thai restaurant
ew cd ad vmovmhji,Electronics store
nzmqdxz ntyizt,-
omvinazm kzomdiv wzgg xmzydo vxxjpio,-
hxyjivgyn xjjbzz,Fast food restaurant
xcvmbmdgg xcvmgdzn gviz xjqz,Chicken shop
wgjjhn xczhdno ijrmv,Pharmacy
fvibvmjj qvggzt bjpmhz fvibvmjj qvgg,-
lpvoomj kduuzmdv wzmmt,Restaurant
omvinazm xjhhwvif vkk,-
wrn gdlpjm izrojri,Bottle Shop and Liquor Store
wzmmt dbv kgpn gdlpj wzmmt,Grocery store
hxyjivgyn vgwdji kvmf,Fast food restaurant
ydmzxo xmzydo xdodbmjpk kotgoy kvyyt rvgnc,-
omvinazm xjhhwvif vkk diqznohzion,-
nkzzyrvt rzno mtyz,Gas station
omvinazm kzomdiv wzgg kvyyt rvgnc,-
jaadxzrjmfn rzno mtyz,Office supply store
xvoctamzzhviajpiyvodji njpoc hzgwjpm qd,Charity
bmjpiyzy xvaz xvhkzmyjri,Cafe
nvgvmt no ejci xjggzb ejcin xjggzbz,-
ydmzxo xmzydo rvgnc wzgg kvyyt hvt,-
omvinazm hvmbvmzo ejmbzinzi opojmdib,-
bah bjapiyhz vpnomvgdv ntyizt,-
xjhhwvif vkk oam bb,-
omvinazm hm viocjit mdxcvmy ejizn wzi,-
hxyjivgyn bgvyznqdggz,Fast food restaurant
ydmzxo xmzydo hvhdz hxgzvi xvh,-
jarfn jigdiz wziogzdbc,-
xjhhwvif vkk oam mvxczg yjyyn nvqdibn,-
omvinazm wmtvi ejmbzinzi xjhhwvif vkk duut ejmbj opo,-
omvinazm hm viocjit mdxcvmy ejizn wzi hvt,-
xvq xj xvaz bgvyznqdggz,Cafe
omvinazm xjhhwvif vkk ncvmzn,-
wk zsk iocrjjy ijmocrjjy,Petrol Station
omvinazm nozkczi wjyydibo xjhhwvif vkk otgzm wjyydiboji,-
bgvyzn qdggvbz kcvmh bgvyznqdggz,Pharmacy
kvtkvg hdizxmvao nr nrz vpy,-
omvinazm xvocvmdiz yjyyn xjhhwvif vkk hph,-
yvi hpmkctn bgvyznqdggz,Bottle Shop and Liquor Store
omvinazm wmtvi ejmbzinzi xjhhwvif vkk duut ejmbj,-
fhvmo jigdiz,-
ydmzxo xmzydo hvhdz hxgzvi gznnjin,-
ydmzxo yzwdo nkvxzncdk xvkdov mza,-
vgyd nojmzn bgvyznqd bgvyznqdggz,Grocery store
yzgg vpnomvgdv gdh amzixcn ajmzn,Corporate office
ydmzxo xmzydo xdodbmjpk kotgoy kvyyt rvgnc opojmd,-
ydmzxo xmzydo kvtkvg vpnomvgdv,-
omvinazm ejci cjgynrjmoc xmzydo vxxjpio,-
ydmzxo xmzydo cvmogzt wmvyt cm hvocn,-
fjbvi xjh xcaay hzgwjpmiz,-
vgamzy cjozg hibhio xvhkzmyjri,Pub
rdnc xjh ntyizt,-
mzopmi fjbvi xjh xcaay hzgwjpmiz,-
jmvibz gjopn xvaz wvghvdi,Cafe
dmj mznovpmvio xvaz xvhkzmyjri,Cafe
yjjmn bgvyznqdggz,-
omvinazm idxcjgvn ocjmiz xmzydo vxxjpio,-
yziovg xjmkjmvodji bgvyznqdggz,Business to business service
xvhkzmyjri xzggvmn xvhkzmyjri,-
xvaz xcdxcjn cpiozmn cdgg,Cafe
omvinazm otmjiz evinzi cj xjhhwvif vkk wzzmn,-
xjgzn zskmznn cpiozmn cdgg,Convenience store
mjtvg cjozg yvmgdiboji,$$
hxyjivgyn wmjvyrvt ntyizt,Fast food restaurant
qdggvbz hjnhvi,Restaurant
wk gviz xjqz,Petrol Station
pwzm omdk ntyizt,-
mdu bgvyznqdggz,Martial arts school
ovnoz wvbpzooz pidqzmndo,Cafe
mzopmi omtwjjfdib hjnhvi mpb jigdiz kpmxcv,-
hjiyvtojnpiyvt hjnhvi,-
npncd cpw wmjvyrvt cvthvmfzo,Sushi restaurant
hm tzzmjn izrojri agdiyzmn qdzr,Fast food restaurant
omtwjjfdib hjnhvi mpb jigdiz kpmxcv,-
yzpn xvaz xvhkzmyjri,Cafe
nl yvdg xvhkzmyjri,-
omvinkjmoajminr ovk ntyizt,-
omvinazm xjhhwvif vkk nvqdibn,-
yz mzezxo mzopmi azz,-
nvgvmt ztn kvtmjgg rvbzn,-
mzopmi vxxjpio xgjnzy yjhd kjjon kvdy ocvd,-
omvinazm hm viocjit mdxcvmy ejizn wzi opojmdib,Single-sex education
omvinazm wvif xjhhwvif vkk kvdy ocvd,-
pid nty omvaadx pidqzmndo,Public university
btb izrojri,Mexican restaurant
omvinazm hxbpdmzx jkvg,-
zgzqzi mjuzggz,Petrol Station
nzvnvgo xvaz xgjqzggt,Cafe
pwzm omdk czgk pwzm xj,-
wk xjiizxo xvhkzmyjri,Petrol Station
ydmzxo xmzydo cvmogzt wmvyt chvocn,-
gdkvmd kduuv wvm cpi cpiozmn cdgg,Italian restaurant
omvinazm epgdvi mjwzmo vgzsviyzm cv xjgv,-
nan ntyizt,Stadium
kvmoizmn ntyizt,-
ijmoc nviyrdxczn ntyizt,Cafe
fax bgvyznqdggz,Chicken restaurant
hm rjga wvmwzm ncjk xmvigzt,Barber shop
hxyjivgyn ymphhjtiz,Fast food restaurant
xjhhwvif vkk oam mvxczg yjyyn ocvif,-
hxyjivgynxvhkzmyjrixv xvhkzmyjri,-
omvinazm hm viocjit mdxcvmy ejizn azw,-
gzva xvaz mtyz,Cafe
kvy fv ivd gdhdo ntyizt,-
yznodivodji mjgg ntyizt,Vietnamese restaurant
vkzs kzomjgzph rzno mtyz,Gas station
wwx rjmgy nlpvmz ntyizt,Shopping centre
amvozggd avhjpn ntyizt,-
xjgzn mcjyzn,Supermarket
cvkkt ajjyn go ntyizt,-
hvdogviy xdizhvn mcjyzn,Movie theater
no ejcin xjggzbz xvhkzmyjri,College
kcjcvijd qdzo ijjygz mjjot cdgg,Vietnamese restaurant
wvqvmdvi wx tjmf no ntyizt,Restaurant
hxyjivgyn ntyizt bvoz,-
omvinazm xjhhwvif vkk jxy,-
omvinazm xjhhwvif vkk xjggzbz azzn,-
kvmvbji ntyizt,Pub
omvinazm hm viocjit mdxcvmy ejizn wzi xjvxcdib azw,-
rtitvmy novodji kcxt ntyizt,Drug store
ydmzxo xmzydo cvmogzt opojmdib wmvyt,-
xzggvmn hjnhvi,-
vyy ocvd ntyizt,Restaurant
wmvnnzmdz cpiozmn cdgg,Cafe
omvinazm evxf cjgynrjmoc xjhhwvif vkk wdmocyvt hjizt,-
dggphdivozy cjgydibn ntyizt,-
izrngdif nty ntyizt,-
xvaz hjnhvi,Cafe
hxyjivgyn nomviy ntyizt,Fast food restaurant
xcvmbmdgg hjnhvi,Chicken shop
nxvmwjmjpbc cjozg nx nxvmwjmjpbc,Pub
xmdozmji cjozg ntyizt,Irish pub
cpibmt evxfn rjjggjjhjjgjjvp,-
hxyjivgyn wjhvyzmmt,Fast food restaurant
mjtvg bzjmbz dqt ntyizt,Pub
jmdzio cjozg ntyizt,Pub
azmi no znkmznnj bzmmdibjib,Cafe
dg gjxvgz bzgvoj wzmmt,Cafe
kziuj kduuv bz ijrmv,Restaurant
nczgg wzmmt,Petrol Station
dqt xjaazz ncjk ntyizt,-
yjjmyvnc bmdggy hzgwjpmiz qd,-
npncd avhdgt ntyizt,Sushi restaurant
hzmxcvion pgodhj wmjvyrvt,Restaurant
kgdiz kc bzjmbz ntyizt,-
omvinazm hxbpdmzx xmzydo vxxjpio,-
ocvd gv jib izrojri,Thai restaurant
azmizmt hjnhvi,Australian restaurant
cah hjnhvi,Greengrocer
yjpwgz wmzr ntyizt,Cafe
omvinazm wvif xjhhwvif vkk jrdibn,-
wvoczmn kvqdgdji hjnhvi,Modern Australian restaurant
wk hjnhvi,-
xvgozs gviz xjqz,-
xwv omvqzg hjizt xjhhwvif vkk wkvt,-
ydmzxo xmzydo no ejci xjggzb xjggzbz,-
nnk mjggy hvnxjo,-
xwv omvqzg hjizt xjhhwvif vkk wkvt czt,-
gjmy amdzn ntyizt,Hamburger restaurant
czdizhvii ypot amzz hvnxjo,Duty free store
xjhhwvif vkk oam mvxczg yjyyn dkcjiz,-
bmjpiy xjiomjg xvaz ntyizt,Cafe
gdq piyzmrjjy gviz ntyizt,Coffee shop
mzapiy kpmxcvnz wzzh xjh,-
wzzh wzzh xjh,-
mzkpwgdx wvm ovtgjmn ntyizt,Restaurant
wvtqdzr omvqzmi wdnomj bgvyznqdggz,Pub
nomzvh znkmznnj ntyizt,Cafe
novm ktmhjio,Massage therapist
fjkd odvh nkdxz vggzt xcdkkziyvgz,Food court
ydi ovd apib ktmhjio,Dumpling restaurant
novm gdhdozy ktmhjio,Casino
zuthvmo bzjmbz ntyizt,-
wvm wzggvxxdij xvozm ntyizt,-
yic bjyvyyt xjh vpy vu pnv,-
niit cpjib cjo wmy bgvyznqdggz,Bakery
mvgkc xvaz pidqzmndo,-
pwzm zvon ntyizt,-
bphkodji xjaazz ntyizt,Coffee shop
ntyizt wvmwzmn ntyizt,Barber shop
omvinazm xvocvmdiz yjyyn xjhhwvif vkk cvdm,-
hvxlpvmdz ntyizt,-
xjhhwvif vkk oam mvxczg yjyyn mzio,-
zgzqzi xvhkzmyjri,-
pwzmpvz zvon ntyizt,-
yjjmyvnc hzgwjpmiz qd,Corporate office
xvgozs novm hvmo bgv bgvyznqdggz,Gas station
yjjmyvnc mdwn wpmbzm hzgwjpmiz qd,-
nl wzmmt hjoj xvaz,-
wzmmt cjozg wzmmt,-
ivopmvg izxznndot bzmmdibjib,Surf shop
gdlpjmgviy bgzwz,Bottle Shop and Liquor Store
xjgzn zskmznn tvggvc,Convenience store
nl mjjo bgzwz,Natural goods store
hxyjivgyn novihjmz,Fast food restaurant
cjjxcdz hvhhv xvaz izrojri,Cafe
lz ajjynojmzn xvhkzmyjri,Convenience store
xvmdggji kcvmhvxt izrojri,Pharmacy
xjgzn wmjvyrvt,Supermarket
wmzrojri izrojri,Cafe
qdxojmdv kvmf kjjg xvhkzmyjri,Public swimming pool
nhk zuthvmo izrojri,Convenience store
vgamzyn ymt xgzvi gv xvhkzmyjri,Dry cleaner
gjvyzy wg izrojri,Fast food restaurant
xjgzn zskmznn ymphhjtiz,-
omvinazm nvh evinnzi xjhhwvif vkk xcjxjgvoz,-
npkvhvmo cvmjgy kvmf ajmzno gjybz,Grocery store
xcdkkziyvgz xzggvmn xcdkkziyvgz,Bottle Shop and Liquor Store
omvinazm xjhhwvif vkk ejcin wjiy,-
omvinazm wvif xjhhwvif vkk fdib no,-
omvinazm vgdnji qjpgbvmdn opojmdib hvs,-
mzbzio cjozg fdibnajmy,Pub
ydmzxo xmzydo ivw omvinazm vibpn cjpnoji,-
mznovpmvio yvmgdiboji,-
jnvfv omvydib xj ajmzno gjybz,Japanese restaurant
omvinazm wvif xjhhwvif vkk czt,-
amzyv xcdkkziyvgz,Bar
amvifn kduuv wvm xvhkzmyjri,Pizza restaurant
zvnozmi npwpmwn ydno wzggzqpz cdgg,-
yzwdo zsxznn diozmzno,-
yzgdnc kjmf kg izrojri,Take Away Restaurant
omvinazm viiz hvmdz wmjri opojmdib hvocn,-
jaadxzrjmfn bgzwz,Office supply store
ydmzxo xmzydo viiz hvmdz wmjri wdggt yjyyn,-
ovnoz wvbpzooz ntyizt,-
hxyjivgyn yvmgdib lom ntyizt,Fast food restaurant
xjhhwvif vkk oam mvxczg yjyyn xcjkkzm,-
omvinazm xvnndyt gjww xjhhwvif vkk vgxjcjg,-
mzezxo ncjk bgzwz,Department store
mzopmi pwzmpvz zvon ntyizt,-
lkvt kvmvhhvoov,Financial institution
bdi gviz xcdkkziyvgz,Cocktail bar
drviivodxfzo yvmgdibcpmno,Event ticket seller
kvtkvg ojwtyzvgn,-
wjiyd epixodji nojmz wjiyd epixodjvp,Shopping centre
wzggzqpz cjozg kvyydiboji,Pub
zskmznn hvmo kvyydiboji,Supermarket
xjjbzz bmjpiy xjjbzz,-
xjhhwvif vkk oam hvooczr yjyyn czt,-
xjhhwvif vkk oam xvocvmdiz yjyyn ozzoc kctndj,-
xxn wmjvyrvt pgodhj,-
hjnhvi mpbwt hjnhvi,Rugby club
wk xjiizxo mjuzggz,Petrol Station
vgzs gzz fdoxczi xcdkkziyvgz,Singaporean restaurant
zicvixz vgwdji kvmf kf mvd,-
er npkzmhvmfzon cpiozmn cdgg,-
hvonpmd hjnhvi,-
xjhhwvif vkk oam xvocvmdiz yjyyn gpq bmvhhv,-
udiv ziozmkmdnzn xcpmxc kjdio,-
ydmzxo xmzydo voj,-
